<?xml version="1.0" encoding="UTF-8" standalone="yes"?>
<addon id="repository.yetiwizard" name="[COLOR white]yetiwizardrepo[/COLOR]" version="1.0" provider-name="yetiwizard">
    <extension point="xbmc.addon.repository" name="yetiwizardrepo">
        <info>https://github.com/YetiWizard/repository.yetiwizard/blob/main/repository.yetiwizard/addons.xml</info>
        <checksum>https://github.com/YetiWizard/repository.yetiwizard/blob/main/repository.yetiwizard/addons.xml.md5</checksum>
        <datadir zip="true">https://raw.githubusercontent.com/yetiwizard/yetiwizardrepo/master/</datadir>
    </extension>
    <extension point="xbmc.addon.metadata">
        <summary>Repository for the Yeti Wizard</summary>
        <description></description>
        <disclaimer></disclaimer>
        <platform>all</platform>
    </extension>
</addon>
